Kategoria;Grupa;Podgrupa (wymiary);Wymiar 1;Wymiar 2;Wymiar 3;Jednostka miary;"2010";"2011";"2012";"2013";"2014";"2015";"2016";"2017";"2018";"2019";"2020";"2021";
"FINANSE PUBLICZNE";"DOCHODY BUDŻETÓW GMIN I MIAST NA PRAWACH POWIATU";"Dochody ogółem (Wymiary: Jednostki terytorialne; Dochody)";"gminy łącznie z miastami na prawach powiatu";"ogółem";"";"zł";25355808,15;30385610,61;28739473,33;30930912,68;39041470,61;34973586,75;42591834,97;45921207,69;56336396,47;60745136,13;66987886,18;;
"FINANSE PUBLICZNE";"DOCHODY BUDŻETÓW GMIN I MIAST NA PRAWACH POWIATU";"Dochody ogółem (Wymiary: Jednostki terytorialne; Dochody)";"gminy bez miast na prawach powiatu";"ogółem";"";"zł";25355808,15;30385610,61;28739473,33;30930912,68;39041470,61;34973586,75;42591834,97;45921207,69;56336396,47;60745136,13;66987886,18;;
"FINANSE PUBLICZNE";"DOCHODY BUDŻETÓW GMIN I MIAST NA PRAWACH POWIATU";"Dochody ogółem wg działów Klasyfikacji Budżetowej (Wymiary: Jednostki terytorialne; Działy klasyfikacji budżetowej)";"gminy łącznie z miastami na prawach powiatu";"ogółem";"";"zł";;;;;;;;45921207,69;56336396,47;60745136,13;66987886,18;;
"FINANSE PUBLICZNE";"DOCHODY BUDŻETÓW GMIN I MIAST NA PRAWACH POWIATU";"Dochody ogółem wg działów Klasyfikacji Budżetowej (Wymiary: Jednostki terytorialne; Działy klasyfikacji budżetowej)";"gminy łącznie z miastami na prawach powiatu";"Dział 010 - Rolnictwo i łowiectwo";"";"zł";57355,41;50228,62;45936,27;56337,38;60033,98;63661,08;61065,64;65203,19;70157,67;82737,30;78916,14;;
"FINANSE PUBLICZNE";"DOCHODY BUDŻETÓW GMIN I MIAST NA PRAWACH POWIATU";"Dochody ogółem wg działów Klasyfikacji Budżetowej (Wymiary: Jednostki terytorialne; Działy klasyfikacji budżetowej)";"gminy łącznie z miastami na prawach powiatu";"Dział 600 - Transport i łączność";"";"zł";1094859,20;3092013,69;304047,68;478334,11;1719242,88;259196,13;1450245,75;166624,00;8226829,07;1510306,55;897944,80;;
"FINANSE PUBLICZNE";"DOCHODY BUDŻETÓW GMIN I MIAST NA PRAWACH POWIATU";"Dochody ogółem wg działów Klasyfikacji Budżetowej (Wymiary: Jednostki terytorialne; Działy klasyfikacji budżetowej)";"gminy łącznie z miastami na prawach powiatu";"Dział 700 - Gospodarka mieszkaniowa";"";"zł";712118,22;1214096,46;998204,65;1156096,71;3815792,18;1164109,90;1154393,27;1806636,42;1013360,54;1306902,08;1815170,85;;
"FINANSE PUBLICZNE";"DOCHODY BUDŻETÓW GMIN I MIAST NA PRAWACH POWIATU";"Dochody ogółem wg działów Klasyfikacji Budżetowej (Wymiary: Jednostki terytorialne; Działy klasyfikacji budżetowej)";"gminy łącznie z miastami na prawach powiatu";"Dział 710 - Działalność usługowa";"";"zł";20780,02;27407,39;24025,89;26936,31;19899,58;46300,11;42522,03;44240,75;26694,47;32476,07;37944,92;;
"FINANSE PUBLICZNE";"DOCHODY BUDŻETÓW GMIN I MIAST NA PRAWACH POWIATU";"Dochody ogółem wg działów Klasyfikacji Budżetowej (Wymiary: Jednostki terytorialne; Działy klasyfikacji budżetowej)";"gminy łącznie z miastami na prawach powiatu";"Dział 720 - Informatyka";"";"zł";0,00;0,00;0,00;0,00;0,00;0,00;0,00;0,00;120000,00;0,49;0,00;;
"FINANSE PUBLICZNE";"DOCHODY BUDŻETÓW GMIN I MIAST NA PRAWACH POWIATU";"Dochody ogółem wg działów Klasyfikacji Budżetowej (Wymiary: Jednostki terytorialne; Działy klasyfikacji budżetowej)";"gminy łącznie z miastami na prawach powiatu";"Dział 750 - Administracja publiczna";"";"zł";105473,55;84892,58;91560,08;92245,82;99538,18;70909,26;94062,49;83555,70;2241318,37;7260411,10;6972145,92;;
"FINANSE PUBLICZNE";"DOCHODY BUDŻETÓW GMIN I MIAST NA PRAWACH POWIATU";"Dochody ogółem wg działów Klasyfikacji Budżetowej (Wymiary: Jednostki terytorialne; Działy klasyfikacji budżetowej)";"gminy łącznie z miastami na prawach powiatu";"Dział 751 - Urzędy naczelnych organów władzy państwowej, kontroli i ochrony prawa oraz sądownictwa";"";"zł";32073,94;12727,17;1615,00;1609,00;39563,22;47578,94;5221,00;1900,00;56985,48;49840,37;48298,46;;
"FINANSE PUBLICZNE";"DOCHODY BUDŻETÓW GMIN I MIAST NA PRAWACH POWIATU";"Dochody ogółem wg działów Klasyfikacji Budżetowej (Wymiary: Jednostki terytorialne; Działy klasyfikacji budżetowej)";"gminy łącznie z miastami na prawach powiatu";"Dział 754 - Bezpieczeństwo publiczne i ochrona przeciwpożarowa";"";"zł";0,00;375000,00;4000,00;4000,00;994124,52;61861,90;632,57;1792,88;16897,36;1831,50;1274,92;;
"FINANSE PUBLICZNE";"DOCHODY BUDŻETÓW GMIN I MIAST NA PRAWACH POWIATU";"Dochody ogółem wg działów Klasyfikacji Budżetowej (Wymiary: Jednostki terytorialne; Działy klasyfikacji budżetowej)";"gminy łącznie z miastami na prawach powiatu";"Dział 756 - Dochody od osób prawnych, od osób fizycznych i od innych jednostek nieposiadających osobowości prawnej oraz wydatki związane z ich poborem";"";"zł";12764283,89;13732527,35;14670382,49;15147898,72;16966888,25;18244526,11;18952949,87;19943674,27;21158788,74;23655911,48;23248043,48;;
"FINANSE PUBLICZNE";"DOCHODY BUDŻETÓW GMIN I MIAST NA PRAWACH POWIATU";"Dochody ogółem wg działów Klasyfikacji Budżetowej (Wymiary: Jednostki terytorialne; Działy klasyfikacji budżetowej)";"gminy łącznie z miastami na prawach powiatu";"Dział 757 - Obsługa długu publicznego";"";"zł";0,00;0,00;0,00;0,00;0,00;0,00;0,00;0,00;0,00;0,00;0,01;;
"FINANSE PUBLICZNE";"DOCHODY BUDŻETÓW GMIN I MIAST NA PRAWACH POWIATU";"Dochody ogółem wg działów Klasyfikacji Budżetowej (Wymiary: Jednostki terytorialne; Działy klasyfikacji budżetowej)";"gminy łącznie z miastami na prawach powiatu";"Dział 758 - Różne rozliczenia";"";"zł";5322160,88;5985117,65;6658666,31;7181101,92;6896414,85;7315976,73;7312681,77;7353233,15;6930885,54;7501059,78;7399196,69;;
"FINANSE PUBLICZNE";"DOCHODY BUDŻETÓW GMIN I MIAST NA PRAWACH POWIATU";"Dochody ogółem wg działów Klasyfikacji Budżetowej (Wymiary: Jednostki terytorialne; Działy klasyfikacji budżetowej)";"gminy łącznie z miastami na prawach powiatu";"Dział 801 - Oświata i wychowanie";"";"zł";333434,38;623746,76;558732,94;659281,88;1029918,46;1281459,88;1476338,89;1265248,86;2471285,26;1365649,64;4648339,28;;
"FINANSE PUBLICZNE";"DOCHODY BUDŻETÓW GMIN I MIAST NA PRAWACH POWIATU";"Dochody ogółem wg działów Klasyfikacji Budżetowej (Wymiary: Jednostki terytorialne; Działy klasyfikacji budżetowej)";"gminy łącznie z miastami na prawach powiatu";"Dział 851 - Ochrona zdrowia";"";"zł";246,00;129,00;96,00;66,00;84,55;120,00;876,54;229,45;574,19;431,72;2281,58;;
"FINANSE PUBLICZNE";"DOCHODY BUDŻETÓW GMIN I MIAST NA PRAWACH POWIATU";"Dochody ogółem wg działów Klasyfikacji Budżetowej (Wymiary: Jednostki terytorialne; Działy klasyfikacji budżetowej)";"gminy łącznie z miastami na prawach powiatu";"Dział 852 - Pomoc społeczna";"";"zł";4510266,60;4753127,77;4981989,69;5185304,93;5245375,90;5129352,65;11165274,73;1563253,94;1646895,51;1819456,41;1954786,03;;
"FINANSE PUBLICZNE";"DOCHODY BUDŻETÓW GMIN I MIAST NA PRAWACH POWIATU";"Dochody ogółem wg działów Klasyfikacji Budżetowej (Wymiary: Jednostki terytorialne; Działy klasyfikacji budżetowej)";"gminy łącznie z miastami na prawach powiatu";"Dział 853 - Pozostałe zadania w zakresie polityki społecznej";"";"zł";146490,97;126134,00;140990,02;162959,11;148893,22;0,00;525700,37;0,00;0,00;206989,62;243532,04;;
"FINANSE PUBLICZNE";"DOCHODY BUDŻETÓW GMIN I MIAST NA PRAWACH POWIATU";"Dochody ogółem wg działów Klasyfikacji Budżetowej (Wymiary: Jednostki terytorialne; Działy klasyfikacji budżetowej)";"gminy łącznie z miastami na prawach powiatu";"Dział 854 - Edukacyjna opieka wychowawcza";"";"zł";110948,54;135096,00;165119,11;193183,64;202944,79;169675,82;143196,60;119996,78;124678,58;116795,04;84640,05;;
"FINANSE PUBLICZNE";"DOCHODY BUDŻETÓW GMIN I MIAST NA PRAWACH POWIATU";"Dochody ogółem wg działów Klasyfikacji Budżetowej (Wymiary: Jednostki terytorialne; Działy klasyfikacji budżetowej)";"gminy łącznie z miastami na prawach powiatu";"Dział 855 - Rodzina";"";"zł";;;;;;;;11775863,85;12123454,75;15324065,47;18483424,98;;
"FINANSE PUBLICZNE";"DOCHODY BUDŻETÓW GMIN I MIAST NA PRAWACH POWIATU";"Dochody ogółem wg działów Klasyfikacji Budżetowej (Wymiary: Jednostki terytorialne; Działy klasyfikacji budżetowej)";"gminy łącznie z miastami na prawach powiatu";"Dział 900 - Gospodarka komunalna i ochrona środowiska";"";"zł";139016,87;90144,19;94107,20;65876,25;1612362,68;1075013,24;92371,07;573902,12;76869,25;486704,80;1070963,61;;
"FINANSE PUBLICZNE";"DOCHODY BUDŻETÓW GMIN I MIAST NA PRAWACH POWIATU";"Dochody ogółem wg działów Klasyfikacji Budżetowej (Wymiary: Jednostki terytorialne; Działy klasyfikacji budżetowej)";"gminy łącznie z miastami na prawach powiatu";"Dział 921 - Kultura i ochrona dziedzictwa narodowego";"";"zł";0,00;83221,98;0,00;281280,90;190393,37;43845,00;97610,38;1153678,03;8241,89;20105,36;711,96;;
"FINANSE PUBLICZNE";"DOCHODY BUDŻETÓW GMIN I MIAST NA PRAWACH POWIATU";"Dochody ogółem wg działów Klasyfikacji Budżetowej (Wymiary: Jednostki terytorialne; Działy klasyfikacji budżetowej)";"gminy łącznie z miastami na prawach powiatu";"Dział 926 - Kultura fizyczna i sport";"";"zł";6299,68;;;;;;;;;;;;
"FINANSE PUBLICZNE";"DOCHODY BUDŻETÓW GMIN I MIAST NA PRAWACH POWIATU";"Dochody ogółem wg działów Klasyfikacji Budżetowej (Wymiary: Jednostki terytorialne; Działy klasyfikacji budżetowej)";"gminy łącznie z miastami na prawach powiatu";"Dział 926 - Kultura fizyczna";"";"zł";;0,00;0,00;238400,00;0,00;0,00;16692,00;2174,30;22479,80;3461,35;270,46;;
"FINANSE PUBLICZNE";"DOCHODY BUDŻETÓW GMIN I MIAST NA PRAWACH POWIATU";"Dochody ogółem wg działów Klasyfikacji Budżetowej (Wymiary: Jednostki terytorialne; Działy klasyfikacji budżetowej)";"gminy bez miast na prawach powiatu";"ogółem";"";"zł";;;;;;;;45921207,69;56336396,47;60745136,13;66987886,18;;
"FINANSE PUBLICZNE";"DOCHODY BUDŻETÓW GMIN I MIAST NA PRAWACH POWIATU";"Dochody ogółem wg działów Klasyfikacji Budżetowej (Wymiary: Jednostki terytorialne; Działy klasyfikacji budżetowej)";"gminy bez miast na prawach powiatu";"Dział 010 - Rolnictwo i łowiectwo";"";"zł";57355,41;50228,62;45936,27;56337,38;60033,98;63661,08;61065,64;65203,19;70157,67;82737,30;78916,14;;
"FINANSE PUBLICZNE";"DOCHODY BUDŻETÓW GMIN I MIAST NA PRAWACH POWIATU";"Dochody ogółem wg działów Klasyfikacji Budżetowej (Wymiary: Jednostki terytorialne; Działy klasyfikacji budżetowej)";"gminy bez miast na prawach powiatu";"Dział 600 - Transport i łączność";"";"zł";1094859,20;3092013,69;304047,68;478334,11;1719242,88;259196,13;1450245,75;166624,00;8226829,07;1510306,55;897944,80;;
"FINANSE PUBLICZNE";"DOCHODY BUDŻETÓW GMIN I MIAST NA PRAWACH POWIATU";"Dochody ogółem wg działów Klasyfikacji Budżetowej (Wymiary: Jednostki terytorialne; Działy klasyfikacji budżetowej)";"gminy bez miast na prawach powiatu";"Dział 700 - Gospodarka mieszkaniowa";"";"zł";712118,22;1214096,46;998204,65;1156096,71;3815792,18;1164109,90;1154393,27;1806636,42;1013360,54;1306902,08;1815170,85;;
"FINANSE PUBLICZNE";"DOCHODY BUDŻETÓW GMIN I MIAST NA PRAWACH POWIATU";"Dochody ogółem wg działów Klasyfikacji Budżetowej (Wymiary: Jednostki terytorialne; Działy klasyfikacji budżetowej)";"gminy bez miast na prawach powiatu";"Dział 710 - Działalność usługowa";"";"zł";20780,02;27407,39;24025,89;26936,31;19899,58;46300,11;42522,03;44240,75;26694,47;32476,07;37944,92;;
"FINANSE PUBLICZNE";"DOCHODY BUDŻETÓW GMIN I MIAST NA PRAWACH POWIATU";"Dochody ogółem wg działów Klasyfikacji Budżetowej (Wymiary: Jednostki terytorialne; Działy klasyfikacji budżetowej)";"gminy bez miast na prawach powiatu";"Dział 720 - Informatyka";"";"zł";0,00;0,00;0,00;0,00;0,00;0,00;0,00;0,00;120000,00;0,49;0,00;;
"FINANSE PUBLICZNE";"DOCHODY BUDŻETÓW GMIN I MIAST NA PRAWACH POWIATU";"Dochody ogółem wg działów Klasyfikacji Budżetowej (Wymiary: Jednostki terytorialne; Działy klasyfikacji budżetowej)";"gminy bez miast na prawach powiatu";"Dział 750 - Administracja publiczna";"";"zł";105473,55;84892,58;91560,08;92245,82;99538,18;70909,26;94062,49;83555,70;2241318,37;7260411,10;6972145,92;;
"FINANSE PUBLICZNE";"DOCHODY BUDŻETÓW GMIN I MIAST NA PRAWACH POWIATU";"Dochody ogółem wg działów Klasyfikacji Budżetowej (Wymiary: Jednostki terytorialne; Działy klasyfikacji budżetowej)";"gminy bez miast na prawach powiatu";"Dział 751 - Urzędy naczelnych organów władzy państwowej, kontroli i ochrony prawa oraz sądownictwa";"";"zł";32073,94;12727,17;1615,00;1609,00;39563,22;47578,94;5221,00;1900,00;56985,48;49840,37;48298,46;;
"FINANSE PUBLICZNE";"DOCHODY BUDŻETÓW GMIN I MIAST NA PRAWACH POWIATU";"Dochody ogółem wg działów Klasyfikacji Budżetowej (Wymiary: Jednostki terytorialne; Działy klasyfikacji budżetowej)";"gminy bez miast na prawach powiatu";"Dział 754 - Bezpieczeństwo publiczne i ochrona przeciwpożarowa";"";"zł";0,00;375000,00;4000,00;4000,00;994124,52;61861,90;632,57;1792,88;16897,36;1831,50;1274,92;;
"FINANSE PUBLICZNE";"DOCHODY BUDŻETÓW GMIN I MIAST NA PRAWACH POWIATU";"Dochody ogółem wg działów Klasyfikacji Budżetowej (Wymiary: Jednostki terytorialne; Działy klasyfikacji budżetowej)";"gminy bez miast na prawach powiatu";"Dział 756 - Dochody od osób prawnych, od osób fizycznych i od innych jednostek nieposiadających osobowości prawnej oraz wydatki związane z ich poborem";"";"zł";12764283,89;13732527,35;14670382,49;15147898,72;16966888,25;18244526,11;18952949,87;19943674,27;21158788,74;23655911,48;23248043,48;;
"FINANSE PUBLICZNE";"DOCHODY BUDŻETÓW GMIN I MIAST NA PRAWACH POWIATU";"Dochody ogółem wg działów Klasyfikacji Budżetowej (Wymiary: Jednostki terytorialne; Działy klasyfikacji budżetowej)";"gminy bez miast na prawach powiatu";"Dział 757 - Obsługa długu publicznego";"";"zł";0,00;0,00;0,00;0,00;0,00;0,00;0,00;0,00;0,00;0,00;0,01;;
"FINANSE PUBLICZNE";"DOCHODY BUDŻETÓW GMIN I MIAST NA PRAWACH POWIATU";"Dochody ogółem wg działów Klasyfikacji Budżetowej (Wymiary: Jednostki terytorialne; Działy klasyfikacji budżetowej)";"gminy bez miast na prawach powiatu";"Dział 758 - Różne rozliczenia";"";"zł";5322160,88;5985117,65;6658666,31;7181101,92;6896414,85;7315976,73;7312681,77;7353233,15;6930885,54;7501059,78;7399196,69;;
"FINANSE PUBLICZNE";"DOCHODY BUDŻETÓW GMIN I MIAST NA PRAWACH POWIATU";"Dochody ogółem wg działów Klasyfikacji Budżetowej (Wymiary: Jednostki terytorialne; Działy klasyfikacji budżetowej)";"gminy bez miast na prawach powiatu";"Dział 801 - Oświata i wychowanie";"";"zł";333434,38;623746,76;558732,94;659281,88;1029918,46;1281459,88;1476338,89;1265248,86;2471285,26;1365649,64;4648339,28;;
"FINANSE PUBLICZNE";"DOCHODY BUDŻETÓW GMIN I MIAST NA PRAWACH POWIATU";"Dochody ogółem wg działów Klasyfikacji Budżetowej (Wymiary: Jednostki terytorialne; Działy klasyfikacji budżetowej)";"gminy bez miast na prawach powiatu";"Dział 851 - Ochrona zdrowia";"";"zł";246,00;129,00;96,00;66,00;84,55;120,00;876,54;229,45;574,19;431,72;2281,58;;
"FINANSE PUBLICZNE";"DOCHODY BUDŻETÓW GMIN I MIAST NA PRAWACH POWIATU";"Dochody ogółem wg działów Klasyfikacji Budżetowej (Wymiary: Jednostki terytorialne; Działy klasyfikacji budżetowej)";"gminy bez miast na prawach powiatu";"Dział 852 - Pomoc społeczna";"";"zł";4510266,60;4753127,77;4981989,69;5185304,93;5245375,90;5129352,65;11165274,73;1563253,94;1646895,51;1819456,41;1954786,03;;
"FINANSE PUBLICZNE";"DOCHODY BUDŻETÓW GMIN I MIAST NA PRAWACH POWIATU";"Dochody ogółem wg działów Klasyfikacji Budżetowej (Wymiary: Jednostki terytorialne; Działy klasyfikacji budżetowej)";"gminy bez miast na prawach powiatu";"Dział 853 - Pozostałe zadania w zakresie polityki społecznej";"";"zł";146490,97;126134,00;140990,02;162959,11;148893,22;0,00;525700,37;0,00;0,00;206989,62;243532,04;;
"FINANSE PUBLICZNE";"DOCHODY BUDŻETÓW GMIN I MIAST NA PRAWACH POWIATU";"Dochody ogółem wg działów Klasyfikacji Budżetowej (Wymiary: Jednostki terytorialne; Działy klasyfikacji budżetowej)";"gminy bez miast na prawach powiatu";"Dział 854 - Edukacyjna opieka wychowawcza";"";"zł";110948,54;135096,00;165119,11;193183,64;202944,79;169675,82;143196,60;119996,78;124678,58;116795,04;84640,05;;
"FINANSE PUBLICZNE";"DOCHODY BUDŻETÓW GMIN I MIAST NA PRAWACH POWIATU";"Dochody ogółem wg działów Klasyfikacji Budżetowej (Wymiary: Jednostki terytorialne; Działy klasyfikacji budżetowej)";"gminy bez miast na prawach powiatu";"Dział 855 - Rodzina";"";"zł";;;;;;;;11775863,85;12123454,75;15324065,47;18483424,98;;
"FINANSE PUBLICZNE";"DOCHODY BUDŻETÓW GMIN I MIAST NA PRAWACH POWIATU";"Dochody ogółem wg działów Klasyfikacji Budżetowej (Wymiary: Jednostki terytorialne; Działy klasyfikacji budżetowej)";"gminy bez miast na prawach powiatu";"Dział 900 - Gospodarka komunalna i ochrona środowiska";"";"zł";139016,87;90144,19;94107,20;65876,25;1612362,68;1075013,24;92371,07;573902,12;76869,25;486704,80;1070963,61;;
"FINANSE PUBLICZNE";"DOCHODY BUDŻETÓW GMIN I MIAST NA PRAWACH POWIATU";"Dochody ogółem wg działów Klasyfikacji Budżetowej (Wymiary: Jednostki terytorialne; Działy klasyfikacji budżetowej)";"gminy bez miast na prawach powiatu";"Dział 921 - Kultura i ochrona dziedzictwa narodowego";"";"zł";0,00;83221,98;0,00;281280,90;190393,37;43845,00;97610,38;1153678,03;8241,89;20105,36;711,96;;
"FINANSE PUBLICZNE";"DOCHODY BUDŻETÓW GMIN I MIAST NA PRAWACH POWIATU";"Dochody ogółem wg działów Klasyfikacji Budżetowej (Wymiary: Jednostki terytorialne; Działy klasyfikacji budżetowej)";"gminy bez miast na prawach powiatu";"Dział 926 - Kultura fizyczna i sport";"";"zł";6299,68;;;;;;;;;;;;
"FINANSE PUBLICZNE";"DOCHODY BUDŻETÓW GMIN I MIAST NA PRAWACH POWIATU";"Dochody ogółem wg działów Klasyfikacji Budżetowej (Wymiary: Jednostki terytorialne; Działy klasyfikacji budżetowej)";"gminy bez miast na prawach powiatu";"Dział 926 - Kultura fizyczna";"";"zł";;0,00;0,00;238400,00;0,00;0,00;16692,00;2174,30;22479,80;3461,35;270,46;;
"FINANSE PUBLICZNE";"DOCHODY BUDŻETÓW GMIN I MIAST NA PRAWACH POWIATU";"Dochody własne (Wymiary: Jednostki terytorialne; Rodzaje dochodów)";"gminy łącznie z miastami na prawach powiatu";"razem";"";"zł";15263903,71;19043408,59;16823537,00;18298159,14;26129554,93;21823182,50;21490278,21;23541494,24;24102285,11;27117546,03;32401926,02;;
"FINANSE PUBLICZNE";"DOCHODY BUDŻETÓW GMIN I MIAST NA PRAWACH POWIATU";"Dochody własne (Wymiary: Jednostki terytorialne; Rodzaje dochodów)";"gminy łącznie z miastami na prawach powiatu";"dochody podatkowe - podatek rolny";"";"zł";88207,93;100410,14;185843,40;202922,08;187265,96;169146,65;151515,23;143852,24;138272,90;152886,19;158842,51;;
"FINANSE PUBLICZNE";"DOCHODY BUDŻETÓW GMIN I MIAST NA PRAWACH POWIATU";"Dochody własne (Wymiary: Jednostki terytorialne; Rodzaje dochodów)";"gminy łącznie z miastami na prawach powiatu";"dochody podatkowe - podatek leśny";"";"zł";45,42;147,58;172,00;198,00;169,00;186,00;171,00;156,00;152,00;171,00;161,00;;
"FINANSE PUBLICZNE";"DOCHODY BUDŻETÓW GMIN I MIAST NA PRAWACH POWIATU";"Dochody własne (Wymiary: Jednostki terytorialne; Rodzaje dochodów)";"gminy łącznie z miastami na prawach powiatu";"dochody podatkowe - podatek od nieruchomości";"";"zł";6515597,03;6960959,07;7631992,50;7607563,65;8667704,66;8795211,57;9503362,17;9707355,97;10137274,99;10195104,91;10753320,97;;
"FINANSE PUBLICZNE";"DOCHODY BUDŻETÓW GMIN I MIAST NA PRAWACH POWIATU";"Dochody własne (Wymiary: Jednostki terytorialne; Rodzaje dochodów)";"gminy łącznie z miastami na prawach powiatu";"dochody podatkowe - podatek od środków transportowych";"";"zł";459759,00;448706,80;485038,85;506086,55;547230,20;529088,60;485900,39;563803,41;445149,60;465934,80;464609,50;;
"FINANSE PUBLICZNE";"DOCHODY BUDŻETÓW GMIN I MIAST NA PRAWACH POWIATU";"Dochody własne (Wymiary: Jednostki terytorialne; Rodzaje dochodów)";"gminy łącznie z miastami na prawach powiatu";"dochody podatkowe - podatek od spadków i darowizn";"";"zł";;;;;;;;;;35055,00;7308,00;;
"FINANSE PUBLICZNE";"DOCHODY BUDŻETÓW GMIN I MIAST NA PRAWACH POWIATU";"Dochody własne (Wymiary: Jednostki terytorialne; Rodzaje dochodów)";"gminy łącznie z miastami na prawach powiatu";"dochody podatkowe - podatek od czynności cywilnoprawnych";"";"zł";255249,23;386872,79;235695,19;312637,70;300652,32;346914,99;331015,00;416199,29;505578,80;791576,60;467992,64;;
"FINANSE PUBLICZNE";"DOCHODY BUDŻETÓW GMIN I MIAST NA PRAWACH POWIATU";"Dochody własne (Wymiary: Jednostki terytorialne; Rodzaje dochodów)";"gminy łącznie z miastami na prawach powiatu";"dochody podatkowe - podatek od działalności gospodarczej osób fizycznych, opłacany w formie karty podatkowej";"";"zł";;;10233,76;8972,78;12772,48;14433,71;14325,57;12299,88;12488,68;14666,36;15633,08;;
"FINANSE PUBLICZNE";"DOCHODY BUDŻETÓW GMIN I MIAST NA PRAWACH POWIATU";"Dochody własne (Wymiary: Jednostki terytorialne; Rodzaje dochodów)";"gminy łącznie z miastami na prawach powiatu";"dochody podatkowe - ustalone i pobierane na podstawie odrębnych ustaw";"";"zł";7363732,16;7915326,05;8573338,70;8649130,76;9976359,62;9880645,52;10535454,36;10895417,79;11328545,97;11655394,86;11867867,70;;
"FINANSE PUBLICZNE";"DOCHODY BUDŻETÓW GMIN I MIAST NA PRAWACH POWIATU";"Dochody własne (Wymiary: Jednostki terytorialne; Rodzaje dochodów)";"gminy łącznie z miastami na prawach powiatu";"udziały w podatkach stanowiących dochody budżetu państwa razem";"";"zł";5053548,19;5489814,20;5730289,20;6173311,47;6666216,43;7997277,60;7987583,68;8593230,04;9403777,89;11532698,08;10791930,51;;
"FINANSE PUBLICZNE";"DOCHODY BUDŻETÓW GMIN I MIAST NA PRAWACH POWIATU";"Dochody własne (Wymiary: Jednostki terytorialne; Rodzaje dochodów)";"gminy łącznie z miastami na prawach powiatu";"udziały w podatkach stanowiących dochody budżetu państwa podatek dochodowy od osób fizycznych";"";"zł";4109641,00;4534097,00;4767368,00;5535950,00;5830034,00;7415379,00;7621261,00;7948799,00;8783283,00;10986466,00;10012790,00;;
"FINANSE PUBLICZNE";"DOCHODY BUDŻETÓW GMIN I MIAST NA PRAWACH POWIATU";"Dochody własne (Wymiary: Jednostki terytorialne; Rodzaje dochodów)";"gminy łącznie z miastami na prawach powiatu";"udziały w podatkach stanowiących dochody budżetu państwa podatek dochodowy od osób prawnych";"";"zł";943907,19;955717,20;962921,20;637361,47;836182,43;581898,60;366322,68;644431,04;620494,89;546232,08;779140,51;;
"FINANSE PUBLICZNE";"DOCHODY BUDŻETÓW GMIN I MIAST NA PRAWACH POWIATU";"Dochody własne (Wymiary: Jednostki terytorialne; Rodzaje dochodów)";"gminy łącznie z miastami na prawach powiatu";"wpływy z opłaty skarbowej";"";"zł";6007,00;10001,00;6656,00;4452,00;4784,00;5345,00;6180,00;7196,00;7033,00;8216,00;7135,00;;
"FINANSE PUBLICZNE";"DOCHODY BUDŻETÓW GMIN I MIAST NA PRAWACH POWIATU";"Dochody własne (Wymiary: Jednostki terytorialne; Rodzaje dochodów)";"gminy łącznie z miastami na prawach powiatu";"wpływy z usług";"";"zł";77637,75;537286,39;550031,61;531113,68;558843,65;701448,49;81139,25;247723,56;314921,28;333472,16;294070,40;;
"FINANSE PUBLICZNE";"DOCHODY BUDŻETÓW GMIN I MIAST NA PRAWACH POWIATU";"Dochody własne (Wymiary: Jednostki terytorialne; Rodzaje dochodów)";"gminy łącznie z miastami na prawach powiatu";"wpływy z opłaty targowej";"";"zł";;;59092,50;51192,50;42933,50;36903,00;31055,00;22349,00;21145,00;21405,00;18530,00;;
"FINANSE PUBLICZNE";"DOCHODY BUDŻETÓW GMIN I MIAST NA PRAWACH POWIATU";"Dochody własne (Wymiary: Jednostki terytorialne; Rodzaje dochodów)";"gminy łącznie z miastami na prawach powiatu";"wpływy z innych lokalnych opłat pobieranych przez jednostki samorządu terytorialnego na podstawie odrębnych ustaw";"";"zł";39129,60;2206,60;31492,75;3993,80;29915,14;53166,45;113122,62;134471,56;87074,96;124735,15;200438,76;;
"FINANSE PUBLICZNE";"DOCHODY BUDŻETÓW GMIN I MIAST NA PRAWACH POWIATU";"Dochody własne (Wymiary: Jednostki terytorialne; Rodzaje dochodów)";"gminy łącznie z miastami na prawach powiatu";"dochody z majątku";"";"zł";698077,10;1247551,58;975177,78;1097756,94;3782796,66;1112672,70;1088119,12;1768811,21;609565,13;1278110,88;1794905,70;;
"FINANSE PUBLICZNE";"DOCHODY BUDŻETÓW GMIN I MIAST NA PRAWACH POWIATU";"Dochody własne (Wymiary: Jednostki terytorialne; Rodzaje dochodów)";"gminy łącznie z miastami na prawach powiatu";"dochody z majątku - dochody z najmu i dzierżawy składników majątkowych JST oraz innych umów o podobnym charakterze";"";"zł";550289,67;573047,97;538234,96;509659,47;407268,77;389290,27;405528,22;384580,80;463950,87;472565,25;497080,94;;
"FINANSE PUBLICZNE";"DOCHODY BUDŻETÓW GMIN I MIAST NA PRAWACH POWIATU";"Dochody własne (Wymiary: Jednostki terytorialne; Rodzaje dochodów)";"gminy łącznie z miastami na prawach powiatu";"pozostałe dochody - środki na dofinansowanie własnych zadań pozyskane z innych źródeł - razem";"";"zł";1195752,46;3180672,70;49324,50;266512,02;3958262,91;1042536,74;0,00;400000,00;700000,00;0,00;4993171,00;;
"FINANSE PUBLICZNE";"DOCHODY BUDŻETÓW GMIN I MIAST NA PRAWACH POWIATU";"Dochody własne (Wymiary: Jednostki terytorialne; Rodzaje dochodów)";"gminy łącznie z miastami na prawach powiatu";"pozostałe dochody - środki na dofinansowanie własnych zadań pozyskane z innych źródeł - inwestycyjne";"";"zł";1188322,46;3097450,72;49324,50;266512,02;3958262,91;1042536,74;0,00;400000,00;700000,00;0,00;4993171,00;;
"FINANSE PUBLICZNE";"DOCHODY BUDŻETÓW GMIN I MIAST NA PRAWACH POWIATU";"Dochody własne (Wymiary: Jednostki terytorialne; Rodzaje dochodów)";"gminy bez miast na prawach powiatu";"razem";"";"zł";15263903,71;19043408,59;16823537,00;18298159,14;26129554,93;21823182,50;21490278,21;23541494,24;24102285,11;27117546,03;32401926,02;;
"FINANSE PUBLICZNE";"DOCHODY BUDŻETÓW GMIN I MIAST NA PRAWACH POWIATU";"Dochody własne (Wymiary: Jednostki terytorialne; Rodzaje dochodów)";"gminy bez miast na prawach powiatu";"dochody podatkowe - podatek rolny";"";"zł";88207,93;100410,14;185843,40;202922,08;187265,96;169146,65;151515,23;143852,24;138272,90;152886,19;158842,51;;
"FINANSE PUBLICZNE";"DOCHODY BUDŻETÓW GMIN I MIAST NA PRAWACH POWIATU";"Dochody własne (Wymiary: Jednostki terytorialne; Rodzaje dochodów)";"gminy bez miast na prawach powiatu";"dochody podatkowe - podatek leśny";"";"zł";45,42;147,58;172,00;198,00;169,00;186,00;171,00;156,00;152,00;171,00;161,00;;
"FINANSE PUBLICZNE";"DOCHODY BUDŻETÓW GMIN I MIAST NA PRAWACH POWIATU";"Dochody własne (Wymiary: Jednostki terytorialne; Rodzaje dochodów)";"gminy bez miast na prawach powiatu";"dochody podatkowe - podatek od nieruchomości";"";"zł";6515597,03;6960959,07;7631992,50;7607563,65;8667704,66;8795211,57;9503362,17;9707355,97;10137274,99;10195104,91;10753320,97;;
"FINANSE PUBLICZNE";"DOCHODY BUDŻETÓW GMIN I MIAST NA PRAWACH POWIATU";"Dochody własne (Wymiary: Jednostki terytorialne; Rodzaje dochodów)";"gminy bez miast na prawach powiatu";"dochody podatkowe - podatek od środków transportowych";"";"zł";459759,00;448706,80;485038,85;506086,55;547230,20;529088,60;485900,39;563803,41;445149,60;465934,80;464609,50;;
"FINANSE PUBLICZNE";"DOCHODY BUDŻETÓW GMIN I MIAST NA PRAWACH POWIATU";"Dochody własne (Wymiary: Jednostki terytorialne; Rodzaje dochodów)";"gminy bez miast na prawach powiatu";"dochody podatkowe - podatek od spadków i darowizn";"";"zł";;;;;;;;;;35055,00;7308,00;;
"FINANSE PUBLICZNE";"DOCHODY BUDŻETÓW GMIN I MIAST NA PRAWACH POWIATU";"Dochody własne (Wymiary: Jednostki terytorialne; Rodzaje dochodów)";"gminy bez miast na prawach powiatu";"dochody podatkowe - podatek od czynności cywilnoprawnych";"";"zł";255249,23;386872,79;235695,19;312637,70;300652,32;346914,99;331015,00;416199,29;505578,80;791576,60;467992,64;;
"FINANSE PUBLICZNE";"DOCHODY BUDŻETÓW GMIN I MIAST NA PRAWACH POWIATU";"Dochody własne (Wymiary: Jednostki terytorialne; Rodzaje dochodów)";"gminy bez miast na prawach powiatu";"dochody podatkowe - podatek od działalności gospodarczej osób fizycznych, opłacany w formie karty podatkowej";"";"zł";;;10233,76;8972,78;12772,48;14433,71;14325,57;12299,88;12488,68;14666,36;15633,08;;
"FINANSE PUBLICZNE";"DOCHODY BUDŻETÓW GMIN I MIAST NA PRAWACH POWIATU";"Dochody własne (Wymiary: Jednostki terytorialne; Rodzaje dochodów)";"gminy bez miast na prawach powiatu";"dochody podatkowe - ustalone i pobierane na podstawie odrębnych ustaw";"";"zł";7363732,16;7915326,05;8573338,70;8649130,76;9976359,62;9880645,52;10535454,36;10895417,79;11328545,97;11655394,86;11867867,70;;
"FINANSE PUBLICZNE";"DOCHODY BUDŻETÓW GMIN I MIAST NA PRAWACH POWIATU";"Dochody własne (Wymiary: Jednostki terytorialne; Rodzaje dochodów)";"gminy bez miast na prawach powiatu";"udziały w podatkach stanowiących dochody budżetu państwa razem";"";"zł";5053548,19;5489814,20;5730289,20;6173311,47;6666216,43;7997277,60;7987583,68;8593230,04;9403777,89;11532698,08;10791930,51;;
"FINANSE PUBLICZNE";"DOCHODY BUDŻETÓW GMIN I MIAST NA PRAWACH POWIATU";"Dochody własne (Wymiary: Jednostki terytorialne; Rodzaje dochodów)";"gminy bez miast na prawach powiatu";"udziały w podatkach stanowiących dochody budżetu państwa podatek dochodowy od osób fizycznych";"";"zł";4109641,00;4534097,00;4767368,00;5535950,00;5830034,00;7415379,00;7621261,00;7948799,00;8783283,00;10986466,00;10012790,00;;
"FINANSE PUBLICZNE";"DOCHODY BUDŻETÓW GMIN I MIAST NA PRAWACH POWIATU";"Dochody własne (Wymiary: Jednostki terytorialne; Rodzaje dochodów)";"gminy bez miast na prawach powiatu";"udziały w podatkach stanowiących dochody budżetu państwa podatek dochodowy od osób prawnych";"";"zł";943907,19;955717,20;962921,20;637361,47;836182,43;581898,60;366322,68;644431,04;620494,89;546232,08;779140,51;;
"FINANSE PUBLICZNE";"DOCHODY BUDŻETÓW GMIN I MIAST NA PRAWACH POWIATU";"Dochody własne (Wymiary: Jednostki terytorialne; Rodzaje dochodów)";"gminy bez miast na prawach powiatu";"wpływy z opłaty skarbowej";"";"zł";6007,00;10001,00;6656,00;4452,00;4784,00;5345,00;6180,00;7196,00;7033,00;8216,00;7135,00;;
"FINANSE PUBLICZNE";"DOCHODY BUDŻETÓW GMIN I MIAST NA PRAWACH POWIATU";"Dochody własne (Wymiary: Jednostki terytorialne; Rodzaje dochodów)";"gminy bez miast na prawach powiatu";"wpływy z usług";"";"zł";77637,75;537286,39;550031,61;531113,68;558843,65;701448,49;81139,25;247723,56;314921,28;333472,16;294070,40;;
"FINANSE PUBLICZNE";"DOCHODY BUDŻETÓW GMIN I MIAST NA PRAWACH POWIATU";"Dochody własne (Wymiary: Jednostki terytorialne; Rodzaje dochodów)";"gminy bez miast na prawach powiatu";"wpływy z opłaty targowej";"";"zł";;;59092,50;51192,50;42933,50;36903,00;31055,00;22349,00;21145,00;21405,00;18530,00;;
"FINANSE PUBLICZNE";"DOCHODY BUDŻETÓW GMIN I MIAST NA PRAWACH POWIATU";"Dochody własne (Wymiary: Jednostki terytorialne; Rodzaje dochodów)";"gminy bez miast na prawach powiatu";"wpływy z innych lokalnych opłat pobieranych przez jednostki samorządu terytorialnego na podstawie odrębnych ustaw";"";"zł";39129,60;2206,60;31492,75;3993,80;29915,14;53166,45;113122,62;134471,56;87074,96;124735,15;200438,76;;
"FINANSE PUBLICZNE";"DOCHODY BUDŻETÓW GMIN I MIAST NA PRAWACH POWIATU";"Dochody własne (Wymiary: Jednostki terytorialne; Rodzaje dochodów)";"gminy bez miast na prawach powiatu";"dochody z majątku";"";"zł";698077,10;1247551,58;975177,78;1097756,94;3782796,66;1112672,70;1088119,12;1768811,21;609565,13;1278110,88;1794905,70;;
"FINANSE PUBLICZNE";"DOCHODY BUDŻETÓW GMIN I MIAST NA PRAWACH POWIATU";"Dochody własne (Wymiary: Jednostki terytorialne; Rodzaje dochodów)";"gminy bez miast na prawach powiatu";"dochody z majątku - dochody z najmu i dzierżawy składników majątkowych JST oraz innych umów o podobnym charakterze";"";"zł";550289,67;573047,97;538234,96;509659,47;407268,77;389290,27;405528,22;384580,80;463950,87;472565,25;497080,94;;
"FINANSE PUBLICZNE";"DOCHODY BUDŻETÓW GMIN I MIAST NA PRAWACH POWIATU";"Dochody własne (Wymiary: Jednostki terytorialne; Rodzaje dochodów)";"gminy bez miast na prawach powiatu";"pozostałe dochody - środki na dofinansowanie własnych zadań pozyskane z innych źródeł - razem";"";"zł";1195752,46;3180672,70;49324,50;266512,02;3958262,91;1042536,74;0,00;400000,00;700000,00;0,00;4993171,00;;
"FINANSE PUBLICZNE";"DOCHODY BUDŻETÓW GMIN I MIAST NA PRAWACH POWIATU";"Dochody własne (Wymiary: Jednostki terytorialne; Rodzaje dochodów)";"gminy bez miast na prawach powiatu";"pozostałe dochody - środki na dofinansowanie własnych zadań pozyskane z innych źródeł - inwestycyjne";"";"zł";1188322,46;3097450,72;49324,50;266512,02;3958262,91;1042536,74;0,00;400000,00;700000,00;0,00;4993171,00;;
"FINANSE PUBLICZNE";"DOCHODY BUDŻETÓW GMIN I MIAST NA PRAWACH POWIATU";"Dotacje (Wymiary: Jednostki terytorialne; Rodzaje dotacji; Przeznaczenie)";"gminy łącznie z miastami na prawach powiatu";"dotacje ogółem (celowe + dotacje §§ 200, 620 + dotacje §§ 205, 625)";"ogółem";"zł";4902159,44;5393724,02;5445040,33;6019035,54;6141173,68;5947292,25;13837628,76;15085534,45;25344698,36;26187780,10;27220279,16;;
"FINANSE PUBLICZNE";"DOCHODY BUDŻETÓW GMIN I MIAST NA PRAWACH POWIATU";"Dotacje (Wymiary: Jednostki terytorialne; Rodzaje dotacji; Przeznaczenie)";"gminy łącznie z miastami na prawach powiatu";"dotacje ogółem (celowe + dotacje §§ 200, 620 + dotacje §§ 205, 625)";"inwestycyjne";"zł";0,00;292065,00;0,00;238400,00;0,00;0,00;1763869,00;1153678,03;10236078,51;8346781,07;5877461,89;;
"FINANSE PUBLICZNE";"DOCHODY BUDŻETÓW GMIN I MIAST NA PRAWACH POWIATU";"Dotacje (Wymiary: Jednostki terytorialne; Rodzaje dotacji; Przeznaczenie)";"gminy łącznie z miastami na prawach powiatu";"dotacje celowe";"ogółem";"zł";4756532,42;5268770,05;5221704,16;5817541,37;5994518,97;5947292,25;13747718,83;13931856,42;14684205,62;17635527,78;20954726,02;;
"FINANSE PUBLICZNE";"DOCHODY BUDŻETÓW GMIN I MIAST NA PRAWACH POWIATU";"Dotacje (Wymiary: Jednostki terytorialne; Rodzaje dotacji; Przeznaczenie)";"gminy łącznie z miastami na prawach powiatu";"dotacje celowe";"inwestycyjne";"zł";0,00;292065,00;0,00;238400,00;0,00;0,00;1763869,00;0,00;386852,63;0,00;0,00;;
"FINANSE PUBLICZNE";"DOCHODY BUDŻETÓW GMIN I MIAST NA PRAWACH POWIATU";"Dotacje (Wymiary: Jednostki terytorialne; Rodzaje dotacji; Przeznaczenie)";"gminy łącznie z miastami na prawach powiatu";"dotacje celowe z budżetu państwa";"ogółem";"zł";4714032,74;5032570,05;5175578,47;5579141,37;5989518,97;5947292,25;13707718,83;13931856,42;14664426,37;17635527,78;20954726,02;;
"FINANSE PUBLICZNE";"DOCHODY BUDŻETÓW GMIN I MIAST NA PRAWACH POWIATU";"Dotacje (Wymiary: Jednostki terytorialne; Rodzaje dotacji; Przeznaczenie)";"gminy łącznie z miastami na prawach powiatu";"dotacje celowe z budżetu państwa";"inwestycyjne";"zł";0,00;92065,00;0,00;0,00;0,00;0,00;1763869,00;0,00;386852,63;0,00;0,00;;
"FINANSE PUBLICZNE";"DOCHODY BUDŻETÓW GMIN I MIAST NA PRAWACH POWIATU";"Dotacje (Wymiary: Jednostki terytorialne; Rodzaje dotacji; Przeznaczenie)";"gminy łącznie z miastami na prawach powiatu";"dotacje celowe z budżetu państwa na zadania z zakresu administracji rządowej";"ogółem";"zł";3775891,72;4054999,28;4134422,03;4131597,86;4240461,46;4280682,69;10250482,48;12379034,79;12727963,19;15967384,91;19223902,95;;
"FINANSE PUBLICZNE";"DOCHODY BUDŻETÓW GMIN I MIAST NA PRAWACH POWIATU";"Dotacje (Wymiary: Jednostki terytorialne; Rodzaje dotacji; Przeznaczenie)";"gminy łącznie z miastami na prawach powiatu";"dotacje celowe z budżetu państwa na zadania z zakresu administracji rządowej";"inwestycyjne";"zł";0,00;0,00;0,00;0,00;0,00;0,00;18000,00;0,00;0,00;0,00;0,00;;
"FINANSE PUBLICZNE";"DOCHODY BUDŻETÓW GMIN I MIAST NA PRAWACH POWIATU";"Dotacje (Wymiary: Jednostki terytorialne; Rodzaje dotacji; Przeznaczenie)";"gminy łącznie z miastami na prawach powiatu";"dotacje celowe z budżetu państwa na zadania własne";"ogółem";"zł";936811,02;975570,77;1039156,44;1431243,51;1747557,51;1665609,56;3456236,35;1551821,63;1935463,18;1667142,87;1729823,07;;
"FINANSE PUBLICZNE";"DOCHODY BUDŻETÓW GMIN I MIAST NA PRAWACH POWIATU";"Dotacje (Wymiary: Jednostki terytorialne; Rodzaje dotacji; Przeznaczenie)";"gminy łącznie z miastami na prawach powiatu";"dotacje celowe z budżetu państwa na zadania własne";"inwestycyjne";"zł";0,00;92065,00;0,00;0,00;0,00;0,00;1745869,00;0,00;386852,63;0,00;0,00;;
"FINANSE PUBLICZNE";"DOCHODY BUDŻETÓW GMIN I MIAST NA PRAWACH POWIATU";"Dotacje (Wymiary: Jednostki terytorialne; Rodzaje dotacji; Przeznaczenie)";"gminy łącznie z miastami na prawach powiatu";"dotacje celowe z budżetu państwa na zadania realizowane na podstawie porozumień z organami administracji rządowej";"ogółem";"zł";1330,00;2000,00;2000,00;16300,00;1500,00;1000,00;1000,00;1000,00;1000,00;1000,00;1000,00;;
"FINANSE PUBLICZNE";"DOCHODY BUDŻETÓW GMIN I MIAST NA PRAWACH POWIATU";"Dotacje (Wymiary: Jednostki terytorialne; Rodzaje dotacji; Przeznaczenie)";"gminy łącznie z miastami na prawach powiatu";"dotacje otrzymane z funduszy celowych";"ogółem";"zł";6299,68;0,00;0,00;238400,00;0,00;0,00;0,00;0,00;16080,00;0,00;0,00;;
"FINANSE PUBLICZNE";"DOCHODY BUDŻETÓW GMIN I MIAST NA PRAWACH POWIATU";"Dotacje (Wymiary: Jednostki terytorialne; Rodzaje dotacji; Przeznaczenie)";"gminy łącznie z miastami na prawach powiatu";"dotacje otrzymane z funduszy celowych";"inwestycyjne";"zł";0,00;0,00;0,00;238400,00;0,00;0,00;0,00;0,00;0,00;0,00;0,00;;
"FINANSE PUBLICZNE";"DOCHODY BUDŻETÓW GMIN I MIAST NA PRAWACH POWIATU";"Dotacje (Wymiary: Jednostki terytorialne; Rodzaje dotacji; Przeznaczenie)";"gminy łącznie z miastami na prawach powiatu";"dotacje celowe na zadania realizowane na podst. porozumień między jednostkami samorządu terytorialnego";"ogółem";"zł";36200,00;236200,00;36200,00;0,00;5000,00;0,00;0,00;0,00;0,00;0,00;0,00;;
"FINANSE PUBLICZNE";"DOCHODY BUDŻETÓW GMIN I MIAST NA PRAWACH POWIATU";"Dotacje (Wymiary: Jednostki terytorialne; Rodzaje dotacji; Przeznaczenie)";"gminy łącznie z miastami na prawach powiatu";"dotacje celowe na zadania realizowane na podst. porozumień między jednostkami samorządu terytorialnego";"inwestycyjne";"zł";0,00;200000,00;0,00;0,00;0,00;0,00;0,00;0,00;0,00;0,00;0,00;;
"FINANSE PUBLICZNE";"DOCHODY BUDŻETÓW GMIN I MIAST NA PRAWACH POWIATU";"Dotacje (Wymiary: Jednostki terytorialne; Rodzaje dotacji; Przeznaczenie)";"gminy łącznie z miastami na prawach powiatu";"dotacje celowe z tytułu pomocy finansowej udzielanej między jst na dofinansowanie własnych zadań";"ogółem";"zł";0,00;0,00;9925,69;0,00;0,00;0,00;40000,00;0,00;3699,25;0,00;0,00;;
"FINANSE PUBLICZNE";"DOCHODY BUDŻETÓW GMIN I MIAST NA PRAWACH POWIATU";"Dotacje (Wymiary: Jednostki terytorialne; Rodzaje dotacji; Przeznaczenie)";"gminy łącznie z miastami na prawach powiatu";"dotacje §§ 200, 620";"ogółem";"zł";145627,02;124953,97;223336,17;201494,17;146654,71;0,00;0,00;1153678,03;9849225,88;8346781,07;5877461,89;;
"FINANSE PUBLICZNE";"DOCHODY BUDŻETÓW GMIN I MIAST NA PRAWACH POWIATU";"Dotacje (Wymiary: Jednostki terytorialne; Rodzaje dotacji; Przeznaczenie)";"gminy łącznie z miastami na prawach powiatu";"dotacje §§ 200, 620";"inwestycyjne";"zł";0,00;0,00;0,00;0,00;0,00;0,00;0,00;1153678,03;9849225,88;8346781,07;5877461,89;;
"FINANSE PUBLICZNE";"DOCHODY BUDŻETÓW GMIN I MIAST NA PRAWACH POWIATU";"Dotacje (Wymiary: Jednostki terytorialne; Rodzaje dotacji; Przeznaczenie)";"gminy łącznie z miastami na prawach powiatu";"dotacje §§ 205, 625";"ogółem";"zł";;;;;;0,00;89909,93;0,00;811266,86;205471,25;388091,25;;
"FINANSE PUBLICZNE";"DOCHODY BUDŻETÓW GMIN I MIAST NA PRAWACH POWIATU";"Dotacje (Wymiary: Jednostki terytorialne; Rodzaje dotacji; Przeznaczenie)";"gminy bez miast na prawach powiatu";"dotacje ogółem (celowe + dotacje §§ 200, 620 + dotacje §§ 205, 625)";"ogółem";"zł";4902159,44;5393724,02;5445040,33;6019035,54;6141173,68;5947292,25;13837628,76;15085534,45;25344698,36;26187780,10;27220279,16;;
"FINANSE PUBLICZNE";"DOCHODY BUDŻETÓW GMIN I MIAST NA PRAWACH POWIATU";"Dotacje (Wymiary: Jednostki terytorialne; Rodzaje dotacji; Przeznaczenie)";"gminy bez miast na prawach powiatu";"dotacje ogółem (celowe + dotacje §§ 200, 620 + dotacje §§ 205, 625)";"inwestycyjne";"zł";0,00;292065,00;0,00;238400,00;0,00;0,00;1763869,00;1153678,03;10236078,51;8346781,07;5877461,89;;
"FINANSE PUBLICZNE";"DOCHODY BUDŻETÓW GMIN I MIAST NA PRAWACH POWIATU";"Dotacje (Wymiary: Jednostki terytorialne; Rodzaje dotacji; Przeznaczenie)";"gminy bez miast na prawach powiatu";"dotacje celowe";"ogółem";"zł";4756532,42;5268770,05;5221704,16;5817541,37;5994518,97;5947292,25;13747718,83;13931856,42;14684205,62;17635527,78;20954726,02;;
"FINANSE PUBLICZNE";"DOCHODY BUDŻETÓW GMIN I MIAST NA PRAWACH POWIATU";"Dotacje (Wymiary: Jednostki terytorialne; Rodzaje dotacji; Przeznaczenie)";"gminy bez miast na prawach powiatu";"dotacje celowe";"inwestycyjne";"zł";0,00;292065,00;0,00;238400,00;0,00;0,00;1763869,00;0,00;386852,63;0,00;0,00;;
"FINANSE PUBLICZNE";"DOCHODY BUDŻETÓW GMIN I MIAST NA PRAWACH POWIATU";"Dotacje (Wymiary: Jednostki terytorialne; Rodzaje dotacji; Przeznaczenie)";"gminy bez miast na prawach powiatu";"dotacje celowe z budżetu państwa";"ogółem";"zł";4714032,74;5032570,05;5175578,47;5579141,37;5989518,97;5947292,25;13707718,83;13931856,42;14664426,37;17635527,78;20954726,02;;
"FINANSE PUBLICZNE";"DOCHODY BUDŻETÓW GMIN I MIAST NA PRAWACH POWIATU";"Dotacje (Wymiary: Jednostki terytorialne; Rodzaje dotacji; Przeznaczenie)";"gminy bez miast na prawach powiatu";"dotacje celowe z budżetu państwa";"inwestycyjne";"zł";0,00;92065,00;0,00;0,00;0,00;0,00;1763869,00;0,00;386852,63;0,00;0,00;;
"FINANSE PUBLICZNE";"DOCHODY BUDŻETÓW GMIN I MIAST NA PRAWACH POWIATU";"Dotacje (Wymiary: Jednostki terytorialne; Rodzaje dotacji; Przeznaczenie)";"gminy bez miast na prawach powiatu";"dotacje celowe z budżetu państwa na zadania z zakresu administracji rządowej";"ogółem";"zł";3775891,72;4054999,28;4134422,03;4131597,86;4240461,46;4280682,69;10250482,48;12379034,79;12727963,19;15967384,91;19223902,95;;
"FINANSE PUBLICZNE";"DOCHODY BUDŻETÓW GMIN I MIAST NA PRAWACH POWIATU";"Dotacje (Wymiary: Jednostki terytorialne; Rodzaje dotacji; Przeznaczenie)";"gminy bez miast na prawach powiatu";"dotacje celowe z budżetu państwa na zadania z zakresu administracji rządowej";"inwestycyjne";"zł";0,00;0,00;0,00;0,00;0,00;0,00;18000,00;0,00;0,00;0,00;0,00;;
"FINANSE PUBLICZNE";"DOCHODY BUDŻETÓW GMIN I MIAST NA PRAWACH POWIATU";"Dotacje (Wymiary: Jednostki terytorialne; Rodzaje dotacji; Przeznaczenie)";"gminy bez miast na prawach powiatu";"dotacje celowe z budżetu państwa na zadania własne";"ogółem";"zł";936811,02;975570,77;1039156,44;1431243,51;1747557,51;1665609,56;3456236,35;1551821,63;1935463,18;1667142,87;1729823,07;;
"FINANSE PUBLICZNE";"DOCHODY BUDŻETÓW GMIN I MIAST NA PRAWACH POWIATU";"Dotacje (Wymiary: Jednostki terytorialne; Rodzaje dotacji; Przeznaczenie)";"gminy bez miast na prawach powiatu";"dotacje celowe z budżetu państwa na zadania własne";"inwestycyjne";"zł";0,00;92065,00;0,00;0,00;0,00;0,00;1745869,00;0,00;386852,63;0,00;0,00;;
"FINANSE PUBLICZNE";"DOCHODY BUDŻETÓW GMIN I MIAST NA PRAWACH POWIATU";"Dotacje (Wymiary: Jednostki terytorialne; Rodzaje dotacji; Przeznaczenie)";"gminy bez miast na prawach powiatu";"dotacje celowe z budżetu państwa na zadania realizowane na podstawie porozumień z organami administracji rządowej";"ogółem";"zł";1330,00;2000,00;2000,00;16300,00;1500,00;1000,00;1000,00;1000,00;1000,00;1000,00;1000,00;;
"FINANSE PUBLICZNE";"DOCHODY BUDŻETÓW GMIN I MIAST NA PRAWACH POWIATU";"Dotacje (Wymiary: Jednostki terytorialne; Rodzaje dotacji; Przeznaczenie)";"gminy bez miast na prawach powiatu";"dotacje otrzymane z funduszy celowych";"ogółem";"zł";6299,68;0,00;0,00;238400,00;0,00;0,00;0,00;0,00;16080,00;0,00;0,00;;
"FINANSE PUBLICZNE";"DOCHODY BUDŻETÓW GMIN I MIAST NA PRAWACH POWIATU";"Dotacje (Wymiary: Jednostki terytorialne; Rodzaje dotacji; Przeznaczenie)";"gminy bez miast na prawach powiatu";"dotacje otrzymane z funduszy celowych";"inwestycyjne";"zł";0,00;0,00;0,00;238400,00;0,00;0,00;0,00;0,00;0,00;0,00;0,00;;
"FINANSE PUBLICZNE";"DOCHODY BUDŻETÓW GMIN I MIAST NA PRAWACH POWIATU";"Dotacje (Wymiary: Jednostki terytorialne; Rodzaje dotacji; Przeznaczenie)";"gminy bez miast na prawach powiatu";"dotacje celowe na zadania realizowane na podst. porozumień między jednostkami samorządu terytorialnego";"ogółem";"zł";36200,00;236200,00;36200,00;0,00;5000,00;0,00;0,00;0,00;0,00;0,00;0,00;;
"FINANSE PUBLICZNE";"DOCHODY BUDŻETÓW GMIN I MIAST NA PRAWACH POWIATU";"Dotacje (Wymiary: Jednostki terytorialne; Rodzaje dotacji; Przeznaczenie)";"gminy bez miast na prawach powiatu";"dotacje celowe na zadania realizowane na podst. porozumień między jednostkami samorządu terytorialnego";"inwestycyjne";"zł";0,00;200000,00;0,00;0,00;0,00;0,00;0,00;0,00;0,00;0,00;0,00;;
"FINANSE PUBLICZNE";"DOCHODY BUDŻETÓW GMIN I MIAST NA PRAWACH POWIATU";"Dotacje (Wymiary: Jednostki terytorialne; Rodzaje dotacji; Przeznaczenie)";"gminy bez miast na prawach powiatu";"dotacje celowe z tytułu pomocy finansowej udzielanej między jst na dofinansowanie własnych zadań";"ogółem";"zł";0,00;0,00;9925,69;0,00;0,00;0,00;40000,00;0,00;3699,25;0,00;0,00;;
"FINANSE PUBLICZNE";"DOCHODY BUDŻETÓW GMIN I MIAST NA PRAWACH POWIATU";"Dotacje (Wymiary: Jednostki terytorialne; Rodzaje dotacji; Przeznaczenie)";"gminy bez miast na prawach powiatu";"dotacje §§ 200, 620";"ogółem";"zł";145627,02;124953,97;223336,17;201494,17;146654,71;0,00;0,00;1153678,03;9849225,88;8346781,07;5877461,89;;
"FINANSE PUBLICZNE";"DOCHODY BUDŻETÓW GMIN I MIAST NA PRAWACH POWIATU";"Dotacje (Wymiary: Jednostki terytorialne; Rodzaje dotacji; Przeznaczenie)";"gminy bez miast na prawach powiatu";"dotacje §§ 200, 620";"inwestycyjne";"zł";0,00;0,00;0,00;0,00;0,00;0,00;0,00;1153678,03;9849225,88;8346781,07;5877461,89;;
"FINANSE PUBLICZNE";"DOCHODY BUDŻETÓW GMIN I MIAST NA PRAWACH POWIATU";"Dotacje (Wymiary: Jednostki terytorialne; Rodzaje dotacji; Przeznaczenie)";"gminy bez miast na prawach powiatu";"dotacje §§ 205, 625";"ogółem";"zł";;;;;;0,00;89909,93;0,00;811266,86;205471,25;388091,25;;
"FINANSE PUBLICZNE";"WYDATKI BUDŻETÓW GMIN I MIAST NA PRAWACH POWIATU";"Wydatki ogółem wg działów Klasyfikacji Budżetowej (Wymiary: Jednostki terytorialne; Działy klasyfikacji budżetowej)";"gminy łącznie z miastami na prawach powiatu";"ogółem";"";"zł";31789275,02;31618750,69;27361559,73;30037671,37;40675031,11;32821139,19;42436989,77;48362252,00;57616047,67;60090617,04;65808736,85;;
"FINANSE PUBLICZNE";"WYDATKI BUDŻETÓW GMIN I MIAST NA PRAWACH POWIATU";"Wydatki ogółem wg działów Klasyfikacji Budżetowej (Wymiary: Jednostki terytorialne; Działy klasyfikacji budżetowej)";"gminy łącznie z miastami na prawach powiatu";"Dział 010 - Rolnictwo i łowiectwo";"";"zł";59286,39;52208,11;49718,24;60267,56;64522,52;67015,66;64071,10;68131,94;72914,83;85785,75;82019,32;;
"FINANSE PUBLICZNE";"WYDATKI BUDŻETÓW GMIN I MIAST NA PRAWACH POWIATU";"Wydatki ogółem wg działów Klasyfikacji Budżetowej (Wymiary: Jednostki terytorialne; Działy klasyfikacji budżetowej)";"gminy łącznie z miastami na prawach powiatu";"Dział 600 - Transport i łączność";"";"zł";9336848,43;4400592,18;2080745,73;1997363,19;5794945,96;2509190,70;4146968,09;3256450,62;11879567,19;3533426,79;2880783,95;;
"FINANSE PUBLICZNE";"WYDATKI BUDŻETÓW GMIN I MIAST NA PRAWACH POWIATU";"Wydatki ogółem wg działów Klasyfikacji Budżetowej (Wymiary: Jednostki terytorialne; Działy klasyfikacji budżetowej)";"gminy łącznie z miastami na prawach powiatu";"Dział 700 - Gospodarka mieszkaniowa";"";"zł";461267,90;1785317,66;439697,35;619621,95;552772,24;607573,24;779956,23;1106795,81;1385505,26;652302,16;513743,07;;
"FINANSE PUBLICZNE";"WYDATKI BUDŻETÓW GMIN I MIAST NA PRAWACH POWIATU";"Wydatki ogółem wg działów Klasyfikacji Budżetowej (Wymiary: Jednostki terytorialne; Działy klasyfikacji budżetowej)";"gminy łącznie z miastami na prawach powiatu";"Dział 710 - Działalność usługowa";"";"zł";251053,83;133140,27;199630,67;207765,96;139965,52;205406,03;150843,01;171879,99;213883,05;164738,88;119317,01;;
"FINANSE PUBLICZNE";"WYDATKI BUDŻETÓW GMIN I MIAST NA PRAWACH POWIATU";"Wydatki ogółem wg działów Klasyfikacji Budżetowej (Wymiary: Jednostki terytorialne; Działy klasyfikacji budżetowej)";"gminy łącznie z miastami na prawach powiatu";"Dział 720 - Informatyka";"";"zł";0,00;0,00;0,00;0,00;0,00;0,00;0,00;0,00;79707,08;54346,29;0,00;;
"FINANSE PUBLICZNE";"WYDATKI BUDŻETÓW GMIN I MIAST NA PRAWACH POWIATU";"Wydatki ogółem wg działów Klasyfikacji Budżetowej (Wymiary: Jednostki terytorialne; Działy klasyfikacji budżetowej)";"gminy łącznie z miastami na prawach powiatu";"Dział 750 - Administracja publiczna";"";"zł";2795682,94;2991472,75;3175080,51;3336968,01;3322615,37;3507168,40;3547898,91;3829888,74;6189450,44;12993574,29;14618794,91;;
"FINANSE PUBLICZNE";"WYDATKI BUDŻETÓW GMIN I MIAST NA PRAWACH POWIATU";"Wydatki ogółem wg działów Klasyfikacji Budżetowej (Wymiary: Jednostki terytorialne; Działy klasyfikacji budżetowej)";"gminy łącznie z miastami na prawach powiatu";"Dział 751 - Urzędy naczelnych organów władzy państwowej, kontroli i ochrony prawa oraz sądownictwa";"";"zł";32073,94;12727,17;1615,00;1609,00;39563,22;47578,94;5221,00;1900,00;56985,48;49840,37;48298,46;;
"FINANSE PUBLICZNE";"WYDATKI BUDŻETÓW GMIN I MIAST NA PRAWACH POWIATU";"Wydatki ogółem wg działów Klasyfikacji Budżetowej (Wymiary: Jednostki terytorialne; Działy klasyfikacji budżetowej)";"gminy łącznie z miastami na prawach powiatu";"Dział 754 - Bezpieczeństwo publiczne i ochrona przeciwpożarowa";"";"zł";185090,53;765752,88;174362,41;135568,22;1538734,67;440075,15;327725,94;1125574,74;1187782,04;321733,33;407629,87;;
"FINANSE PUBLICZNE";"WYDATKI BUDŻETÓW GMIN I MIAST NA PRAWACH POWIATU";"Wydatki ogółem wg działów Klasyfikacji Budżetowej (Wymiary: Jednostki terytorialne; Działy klasyfikacji budżetowej)";"gminy łącznie z miastami na prawach powiatu";"Dział 757 - Obsługa długu publicznego";"";"zł";510951,27;756485,23;731847,61;456145,51;397700,77;374426,77;289308,34;279050,04;320027,00;400852,81;289314,60;;
"FINANSE PUBLICZNE";"WYDATKI BUDŻETÓW GMIN I MIAST NA PRAWACH POWIATU";"Wydatki ogółem wg działów Klasyfikacji Budżetowej (Wymiary: Jednostki terytorialne; Działy klasyfikacji budżetowej)";"gminy łącznie z miastami na prawach powiatu";"Dział 758 - Różne rozliczenia";"";"zł";2097,88;1519,92;1579,02;1334,91;1775,42;2059,07;7290,81;1671,66;1637,70;5985,63;8172,67;;
"FINANSE PUBLICZNE";"WYDATKI BUDŻETÓW GMIN I MIAST NA PRAWACH POWIATU";"Wydatki ogółem wg działów Klasyfikacji Budżetowej (Wymiary: Jednostki terytorialne; Działy klasyfikacji budżetowej)";"gminy łącznie z miastami na prawach powiatu";"Dział 801 - Oświata i wychowanie";"";"zł";8194390,27;10811983,90;9418215,04;10221868,78;10849698,63;11765108,39;12062864,62;14382912,99;12776267,94;13843630,86;14378683,28;;
"FINANSE PUBLICZNE";"WYDATKI BUDŻETÓW GMIN I MIAST NA PRAWACH POWIATU";"Wydatki ogółem wg działów Klasyfikacji Budżetowej (Wymiary: Jednostki terytorialne; Działy klasyfikacji budżetowej)";"gminy łącznie z miastami na prawach powiatu";"Dział 851 - Ochrona zdrowia";"";"zł";268649,20;270578,39;392062,11;338158,51;631634,52;311799,79;283417,27;352084,33;420724,21;618149,22;691538,68;;
"FINANSE PUBLICZNE";"WYDATKI BUDŻETÓW GMIN I MIAST NA PRAWACH POWIATU";"Wydatki ogółem wg działów Klasyfikacji Budżetowej (Wymiary: Jednostki terytorialne; Działy klasyfikacji budżetowej)";"gminy łącznie z miastami na prawach powiatu";"Dział 852 - Pomoc społeczna";"";"zł";5507182,68;5884320,07;6129949,20;6526711,31;6687095,76;6677200,95;12830717,31;3269098,23;3532429,97;3629827,09;3974769,23;;
"FINANSE PUBLICZNE";"WYDATKI BUDŻETÓW GMIN I MIAST NA PRAWACH POWIATU";"Wydatki ogółem wg działów Klasyfikacji Budżetowej (Wymiary: Jednostki terytorialne; Działy klasyfikacji budżetowej)";"gminy łącznie z miastami na prawach powiatu";"Dział 853 - Pozostałe zadania w zakresie polityki społecznej";"";"zł";162711,75;139613,37;140263,88;165089,72;172037,38;0,00;1176551,44;0,00;26765,00;248661,25;289820,25;;
"FINANSE PUBLICZNE";"WYDATKI BUDŻETÓW GMIN I MIAST NA PRAWACH POWIATU";"Wydatki ogółem wg działów Klasyfikacji Budżetowej (Wymiary: Jednostki terytorialne; Działy klasyfikacji budżetowej)";"gminy łącznie z miastami na prawach powiatu";"Dział 854 - Edukacyjna opieka wychowawcza";"";"zł";350866,32;403434,81;430269,69;429257,04;452220,74;456937,51;435342,54;393802,16;408128,13;385944,96;328550,05;;
"FINANSE PUBLICZNE";"WYDATKI BUDŻETÓW GMIN I MIAST NA PRAWACH POWIATU";"Wydatki ogółem wg działów Klasyfikacji Budżetowej (Wymiary: Jednostki terytorialne; Działy klasyfikacji budżetowej)";"gminy łącznie z miastami na prawach powiatu";"Dział 855 - Rodzina";"";"zł";;;;;;;;12404018,12;12736114,22;15972700,64;19114957,18;;
"FINANSE PUBLICZNE";"WYDATKI BUDŻETÓW GMIN I MIAST NA PRAWACH POWIATU";"Wydatki ogółem wg działów Klasyfikacji Budżetowej (Wymiary: Jednostki terytorialne; Działy klasyfikacji budżetowej)";"gminy łącznie z miastami na prawach powiatu";"Dział 900 - Gospodarka komunalna i ochrona środowiska";"";"zł";1768768,17;1261495,01;1963950,57;1727736,76;6096046,45;2663162,12;1659158,11;2506184,01;2047747,36;3031269,69;4128056,34;;
"FINANSE PUBLICZNE";"WYDATKI BUDŻETÓW GMIN I MIAST NA PRAWACH POWIATU";"Wydatki ogółem wg działów Klasyfikacji Budżetowej (Wymiary: Jednostki terytorialne; Działy klasyfikacji budżetowej)";"gminy łącznie z miastami na prawach powiatu";"Dział 921 - Kultura i ochrona dziedzictwa narodowego";"";"zł";907220,00;1106903,96;1201298,19;2377344,61;2980611,23;1943284,70;3337283,05;2387470,17;2387337,39;2502319,98;2586221,00;;
"FINANSE PUBLICZNE";"WYDATKI BUDŻETÓW GMIN I MIAST NA PRAWACH POWIATU";"Wydatki ogółem wg działów Klasyfikacji Budżetowej (Wymiary: Jednostki terytorialne; Działy klasyfikacji budżetowej)";"gminy łącznie z miastami na prawach powiatu";"Dział 926 - Kultura fizyczna i sport";"";"zł";995133,52;;;;;;;;;;;;
"FINANSE PUBLICZNE";"WYDATKI BUDŻETÓW GMIN I MIAST NA PRAWACH POWIATU";"Wydatki ogółem wg działów Klasyfikacji Budżetowej (Wymiary: Jednostki terytorialne; Działy klasyfikacji budżetowej)";"gminy łącznie z miastami na prawach powiatu";"Dział 926 - Kultura fizyczna";"";"zł";;841205,01;831274,51;1434860,33;953090,71;1243151,77;1332372,00;2825338,45;1893073,38;1595527,05;1348066,98;;
"FINANSE PUBLICZNE";"WYDATKI BUDŻETÓW GMIN I MIAST NA PRAWACH POWIATU";"Wydatki ogółem wg działów Klasyfikacji Budżetowej (Wymiary: Jednostki terytorialne; Działy klasyfikacji budżetowej)";"gminy bez miast na prawach powiatu";"ogółem";"";"zł";31789275,02;31618750,69;27361559,73;30037671,37;40675031,11;32821139,19;42436989,77;48362252,00;57616047,67;60090617,04;65808736,85;;
"FINANSE PUBLICZNE";"WYDATKI BUDŻETÓW GMIN I MIAST NA PRAWACH POWIATU";"Wydatki ogółem wg działów Klasyfikacji Budżetowej (Wymiary: Jednostki terytorialne; Działy klasyfikacji budżetowej)";"gminy bez miast na prawach powiatu";"Dział 010 - Rolnictwo i łowiectwo";"";"zł";59286,39;52208,11;49718,24;60267,56;64522,52;67015,66;64071,10;68131,94;72914,83;85785,75;82019,32;;
"FINANSE PUBLICZNE";"WYDATKI BUDŻETÓW GMIN I MIAST NA PRAWACH POWIATU";"Wydatki ogółem wg działów Klasyfikacji Budżetowej (Wymiary: Jednostki terytorialne; Działy klasyfikacji budżetowej)";"gminy bez miast na prawach powiatu";"Dział 600 - Transport i łączność";"";"zł";9336848,43;4400592,18;2080745,73;1997363,19;5794945,96;2509190,70;4146968,09;3256450,62;11879567,19;3533426,79;2880783,95;;
"FINANSE PUBLICZNE";"WYDATKI BUDŻETÓW GMIN I MIAST NA PRAWACH POWIATU";"Wydatki ogółem wg działów Klasyfikacji Budżetowej (Wymiary: Jednostki terytorialne; Działy klasyfikacji budżetowej)";"gminy bez miast na prawach powiatu";"Dział 700 - Gospodarka mieszkaniowa";"";"zł";461267,90;1785317,66;439697,35;619621,95;552772,24;607573,24;779956,23;1106795,81;1385505,26;652302,16;513743,07;;
"FINANSE PUBLICZNE";"WYDATKI BUDŻETÓW GMIN I MIAST NA PRAWACH POWIATU";"Wydatki ogółem wg działów Klasyfikacji Budżetowej (Wymiary: Jednostki terytorialne; Działy klasyfikacji budżetowej)";"gminy bez miast na prawach powiatu";"Dział 710 - Działalność usługowa";"";"zł";251053,83;133140,27;199630,67;207765,96;139965,52;205406,03;150843,01;171879,99;213883,05;164738,88;119317,01;;
"FINANSE PUBLICZNE";"WYDATKI BUDŻETÓW GMIN I MIAST NA PRAWACH POWIATU";"Wydatki ogółem wg działów Klasyfikacji Budżetowej (Wymiary: Jednostki terytorialne; Działy klasyfikacji budżetowej)";"gminy bez miast na prawach powiatu";"Dział 720 - Informatyka";"";"zł";0,00;0,00;0,00;0,00;0,00;0,00;0,00;0,00;79707,08;54346,29;0,00;;
"FINANSE PUBLICZNE";"WYDATKI BUDŻETÓW GMIN I MIAST NA PRAWACH POWIATU";"Wydatki ogółem wg działów Klasyfikacji Budżetowej (Wymiary: Jednostki terytorialne; Działy klasyfikacji budżetowej)";"gminy bez miast na prawach powiatu";"Dział 750 - Administracja publiczna";"";"zł";2795682,94;2991472,75;3175080,51;3336968,01;3322615,37;3507168,40;3547898,91;3829888,74;6189450,44;12993574,29;14618794,91;;
"FINANSE PUBLICZNE";"WYDATKI BUDŻETÓW GMIN I MIAST NA PRAWACH POWIATU";"Wydatki ogółem wg działów Klasyfikacji Budżetowej (Wymiary: Jednostki terytorialne; Działy klasyfikacji budżetowej)";"gminy bez miast na prawach powiatu";"Dział 751 - Urzędy naczelnych organów władzy państwowej, kontroli i ochrony prawa oraz sądownictwa";"";"zł";32073,94;12727,17;1615,00;1609,00;39563,22;47578,94;5221,00;1900,00;56985,48;49840,37;48298,46;;
"FINANSE PUBLICZNE";"WYDATKI BUDŻETÓW GMIN I MIAST NA PRAWACH POWIATU";"Wydatki ogółem wg działów Klasyfikacji Budżetowej (Wymiary: Jednostki terytorialne; Działy klasyfikacji budżetowej)";"gminy bez miast na prawach powiatu";"Dział 754 - Bezpieczeństwo publiczne i ochrona przeciwpożarowa";"";"zł";185090,53;765752,88;174362,41;135568,22;1538734,67;440075,15;327725,94;1125574,74;1187782,04;321733,33;407629,87;;
"FINANSE PUBLICZNE";"WYDATKI BUDŻETÓW GMIN I MIAST NA PRAWACH POWIATU";"Wydatki ogółem wg działów Klasyfikacji Budżetowej (Wymiary: Jednostki terytorialne; Działy klasyfikacji budżetowej)";"gminy bez miast na prawach powiatu";"Dział 757 - Obsługa długu publicznego";"";"zł";510951,27;756485,23;731847,61;456145,51;397700,77;374426,77;289308,34;279050,04;320027,00;400852,81;289314,60;;
"FINANSE PUBLICZNE";"WYDATKI BUDŻETÓW GMIN I MIAST NA PRAWACH POWIATU";"Wydatki ogółem wg działów Klasyfikacji Budżetowej (Wymiary: Jednostki terytorialne; Działy klasyfikacji budżetowej)";"gminy bez miast na prawach powiatu";"Dział 758 - Różne rozliczenia";"";"zł";2097,88;1519,92;1579,02;1334,91;1775,42;2059,07;7290,81;1671,66;1637,70;5985,63;8172,67;;
"FINANSE PUBLICZNE";"WYDATKI BUDŻETÓW GMIN I MIAST NA PRAWACH POWIATU";"Wydatki ogółem wg działów Klasyfikacji Budżetowej (Wymiary: Jednostki terytorialne; Działy klasyfikacji budżetowej)";"gminy bez miast na prawach powiatu";"Dział 801 - Oświata i wychowanie";"";"zł";8194390,27;10811983,90;9418215,04;10221868,78;10849698,63;11765108,39;12062864,62;14382912,99;12776267,94;13843630,86;14378683,28;;
"FINANSE PUBLICZNE";"WYDATKI BUDŻETÓW GMIN I MIAST NA PRAWACH POWIATU";"Wydatki ogółem wg działów Klasyfikacji Budżetowej (Wymiary: Jednostki terytorialne; Działy klasyfikacji budżetowej)";"gminy bez miast na prawach powiatu";"Dział 851 - Ochrona zdrowia";"";"zł";268649,20;270578,39;392062,11;338158,51;631634,52;311799,79;283417,27;352084,33;420724,21;618149,22;691538,68;;
"FINANSE PUBLICZNE";"WYDATKI BUDŻETÓW GMIN I MIAST NA PRAWACH POWIATU";"Wydatki ogółem wg działów Klasyfikacji Budżetowej (Wymiary: Jednostki terytorialne; Działy klasyfikacji budżetowej)";"gminy bez miast na prawach powiatu";"Dział 852 - Pomoc społeczna";"";"zł";5507182,68;5884320,07;6129949,20;6526711,31;6687095,76;6677200,95;12830717,31;3269098,23;3532429,97;3629827,09;3974769,23;;
"FINANSE PUBLICZNE";"WYDATKI BUDŻETÓW GMIN I MIAST NA PRAWACH POWIATU";"Wydatki ogółem wg działów Klasyfikacji Budżetowej (Wymiary: Jednostki terytorialne; Działy klasyfikacji budżetowej)";"gminy bez miast na prawach powiatu";"Dział 853 - Pozostałe zadania w zakresie polityki społecznej";"";"zł";162711,75;139613,37;140263,88;165089,72;172037,38;0,00;1176551,44;0,00;26765,00;248661,25;289820,25;;
"FINANSE PUBLICZNE";"WYDATKI BUDŻETÓW GMIN I MIAST NA PRAWACH POWIATU";"Wydatki ogółem wg działów Klasyfikacji Budżetowej (Wymiary: Jednostki terytorialne; Działy klasyfikacji budżetowej)";"gminy bez miast na prawach powiatu";"Dział 854 - Edukacyjna opieka wychowawcza";"";"zł";350866,32;403434,81;430269,69;429257,04;452220,74;456937,51;435342,54;393802,16;408128,13;385944,96;328550,05;;
"FINANSE PUBLICZNE";"WYDATKI BUDŻETÓW GMIN I MIAST NA PRAWACH POWIATU";"Wydatki ogółem wg działów Klasyfikacji Budżetowej (Wymiary: Jednostki terytorialne; Działy klasyfikacji budżetowej)";"gminy bez miast na prawach powiatu";"Dział 855 - Rodzina";"";"zł";;;;;;;;12404018,12;12736114,22;15972700,64;19114957,18;;
"FINANSE PUBLICZNE";"WYDATKI BUDŻETÓW GMIN I MIAST NA PRAWACH POWIATU";"Wydatki ogółem wg działów Klasyfikacji Budżetowej (Wymiary: Jednostki terytorialne; Działy klasyfikacji budżetowej)";"gminy bez miast na prawach powiatu";"Dział 900 - Gospodarka komunalna i ochrona środowiska";"";"zł";1768768,17;1261495,01;1963950,57;1727736,76;6096046,45;2663162,12;1659158,11;2506184,01;2047747,36;3031269,69;4128056,34;;
"FINANSE PUBLICZNE";"WYDATKI BUDŻETÓW GMIN I MIAST NA PRAWACH POWIATU";"Wydatki ogółem wg działów Klasyfikacji Budżetowej (Wymiary: Jednostki terytorialne; Działy klasyfikacji budżetowej)";"gminy bez miast na prawach powiatu";"Dział 921 - Kultura i ochrona dziedzictwa narodowego";"";"zł";907220,00;1106903,96;1201298,19;2377344,61;2980611,23;1943284,70;3337283,05;2387470,17;2387337,39;2502319,98;2586221,00;;
"FINANSE PUBLICZNE";"WYDATKI BUDŻETÓW GMIN I MIAST NA PRAWACH POWIATU";"Wydatki ogółem wg działów Klasyfikacji Budżetowej (Wymiary: Jednostki terytorialne; Działy klasyfikacji budżetowej)";"gminy bez miast na prawach powiatu";"Dział 926 - Kultura fizyczna i sport";"";"zł";995133,52;;;;;;;;;;;;
"FINANSE PUBLICZNE";"WYDATKI BUDŻETÓW GMIN I MIAST NA PRAWACH POWIATU";"Wydatki ogółem wg działów Klasyfikacji Budżetowej (Wymiary: Jednostki terytorialne; Działy klasyfikacji budżetowej)";"gminy bez miast na prawach powiatu";"Dział 926 - Kultura fizyczna";"";"zł";;841205,01;831274,51;1434860,33;953090,71;1243151,77;1332372,00;2825338,45;1893073,38;1595527,05;1348066,98;;
